{"binary": {"accuracy": 0.9527754384485247, "mcc": 0.9061139950245828, "f1": 0.9519281789917533, "confusion_matrix": [[17687269, 539507], [69875, 1007621]]}, "multiclass": {"accuracy": 0.9990330954198643, "mcc": 0.9989558954275244, "f1": 0.9990331157152371, "confusion_matrix": [[46434, 81, 3, 5, 0, 0, 0, 0, 0, 0, 0, 0, 0, 0], [62, 51957, 52, 3, 2, 0, 0, 0, 0, 0, 1, 0, 0, 0], [6, 77, 81844, 34, 5, 0, 0, 0, 1, 0, 0, 0, 0, 0], [0, 23, 51, 84638, 42, 1, 0, 1, 0, 0, 0, 0, 0, 0], [0, 5, 5, 16, 84264, 34, 0, 0, 0, 0, 0, 0, 0, 0], [0, 0, 0, 0, 101, 83682, 55, 3, 0, 0, 0, 0, 0, 0], [0, 0, 0, 0, 10, 52, 83919, 30, 0, 0, 0, 0, 0, 0], [0, 0, 0, 0, 0, 0, 44, 82765, 24, 0, 0, 1, 0, 0], [0, 0, 0, 0, 0, 0, 0, 11, 82427, 12, 0, 0, 0, 0], [0, 0, 0, 0, 0, 0, 0, 0, 10, 79745, 17, 0, 0, 0], [0, 0, 0, 0, 0, 0, 1, 0, 0, 11, 78460, 15, 0, 0], [2, 0, 0, 0, 0, 0, 0, 0, 0, 0, 15, 79392, 8, 0], [0, 0, 0, 0, 0, 0, 0, 0, 0, 0, 0, 18, 78037, 11], [0, 0, 0, 0, 0, 0, 0, 0, 0, 0, 0, 0, 10, 78961]]}, "combined": {"accuracy": 0.9523526990601646, "mcc": 0.9344276775773399, "f1": 0.9523078480365357, "confusion_matrix": [[41795, 74, 3, 5, 0, 0, 0, 0, 0, 0, 0, 0, 0, 0, 4646], [56, 48095, 47, 3, 1, 0, 0, 0, 0, 0, 1, 0, 0, 0, 3874], [2, 74, 77068, 31, 5, 0, 0, 0, 1, 0, 0, 0, 0, 0, 4786], [0, 23, 50, 79337, 38, 1, 0, 1, 0, 0, 0, 0, 0, 0, 5306], [0, 1, 5, 16, 76563, 31, 0, 0, 0, 0, 0, 0, 0, 0, 7708], [0, 0, 0, 0, 100, 77789, 52, 3, 0, 0, 0, 0, 0, 0, 5897], [0, 0, 0, 0, 10, 51, 78304, 30, 0, 0, 0, 0, 0, 0, 5616], [0, 0, 0, 0, 0, 0, 44, 78150, 23, 0, 0, 1, 0, 0, 4616], [0, 0, 0, 0, 0, 0, 0, 10, 77086, 11, 0, 0, 0, 0, 5343], [0, 0, 0, 0, 0, 0, 0, 0, 10, 74269, 17, 0, 0, 0, 5476], [0, 0, 0, 0, 0, 0, 1, 0, 0, 9, 73397, 15, 0, 0, 5065], [1, 0, 0, 0, 0, 0, 0, 0, 0, 0, 12, 75234, 8, 0, 4162], [0, 0, 0, 0, 0, 0, 0, 0, 0, 0, 0, 17, 74318, 8, 3723], [0, 0, 0, 0, 0, 0, 0, 0, 0, 0, 0, 0, 9, 75305, 3657], [27330, 36513, 33485, 34825, 46290, 42419, 44136, 41505, 48805, 45705, 34770, 34660, 34349, 34715, 17687269]]}}