{"binary": {"accuracy": 0.9431290760074053, "mcc": 0.8873565618037185, "f1": 0.9416785963316132, "confusion_matrix": [[17660891, 583840], [88179, 990577]]}, "multiclass": {"accuracy": 0.9988786798998782, "mcc": 0.9987890851457716, "f1": 0.9988786895134262, "confusion_matrix": [[46685, 61, 5, 0, 1, 0, 0, 0, 0, 0, 0, 0, 0, 0], [99, 51652, 70, 1, 3, 0, 0, 0, 0, 0, 0, 0, 0, 0], [3, 51, 82174, 57, 6, 0, 0, 0, 0, 1, 0, 0, 0, 0], [1, 31, 69, 84952, 47, 1, 1, 0, 0, 0, 1, 0, 0, 0], [0, 3, 14, 21, 84133, 41, 4, 0, 1, 0, 0, 0, 0, 0], [0, 0, 0, 1, 128, 83646, 48, 1, 2, 0, 0, 0, 0, 0], [0, 0, 0, 0, 25, 47, 84204, 39, 0, 0, 0, 0, 0, 0], [0, 0, 0, 0, 0, 0, 76, 82779, 8, 0, 0, 0, 0, 0], [0, 0, 0, 0, 0, 0, 0, 17, 82336, 11, 0, 0, 0, 0], [0, 0, 0, 0, 0, 2, 0, 0, 8, 80312, 22, 0, 0, 0], [0, 0, 0, 0, 0, 0, 0, 0, 0, 9, 78278, 17, 0, 0], [0, 0, 0, 0, 0, 0, 0, 0, 0, 0, 9, 79318, 10, 0], [0, 0, 0, 0, 0, 0, 0, 0, 0, 0, 0, 18, 78034, 15], [0, 0, 0, 0, 0, 0, 0, 0, 0, 0, 0, 0, 13, 79134]]}, "combined": {"accuracy": 0.9426475027878812, "mcc": 0.9209168357997192, "f1": 0.9425647225713896, "confusion_matrix": [[40981, 54, 5, 0, 1, 0, 0, 0, 0, 0, 0, 0, 0, 0, 5711], [88, 46328, 63, 1, 3, 0, 0, 0, 0, 0, 0, 0, 0, 0, 5342], [3, 46, 75612, 51, 5, 0, 0, 0, 0, 1, 0, 0, 0, 0, 6574], [1, 30, 66, 77930, 41, 1, 1, 0, 0, 0, 1, 0, 0, 0, 7032], [0, 3, 14, 20, 74628, 33, 4, 0, 1, 0, 0, 0, 0, 0, 9514], [0, 0, 0, 1, 122, 76430, 45, 1, 2, 0, 0, 0, 0, 0, 7225], [0, 0, 0, 0, 25, 44, 77126, 37, 0, 0, 0, 0, 0, 0, 7083], [0, 0, 0, 0, 0, 0, 74, 76494, 8, 0, 0, 0, 0, 0, 6287], [0, 0, 0, 0, 0, 0, 0, 17, 75695, 11, 0, 0, 0, 0, 6641], [0, 0, 0, 0, 0, 2, 0, 0, 7, 74000, 21, 0, 0, 0, 6314], [0, 0, 0, 0, 0, 0, 0, 0, 0, 9, 72569, 16, 0, 0, 5710], [0, 0, 0, 0, 0, 0, 0, 0, 0, 0, 8, 74350, 8, 0, 4971], [0, 0, 0, 0, 0, 0, 0, 0, 0, 0, 0, 18, 73401, 14, 4634], [0, 0, 0, 0, 0, 0, 0, 0, 0, 0, 0, 0, 12, 73994, 5141], [28740, 38444, 38188, 36465, 48371, 47358, 48680, 43672, 51206, 47949, 39994, 40455, 37431, 36887, 17660891]]}}