{"binary": {"accuracy": 0.9717734876921407, "mcc": 0.9436029248391803, "f1": 0.9716189586245355, "confusion_matrix": [[17741355, 413601], [36111, 1036345]]}, "multiclass": {"accuracy": 0.9994214909304193, "mcc": 0.9993752884085926, "f1": 0.9994214908032784, "confusion_matrix": [[46446, 51, 0, 0, 0, 0, 0, 0, 0, 0, 0, 0, 0, 0], [42, 51871, 12, 3, 0, 0, 0, 0, 0, 0, 0, 0, 0, 0], [0, 17, 82010, 37, 1, 0, 0, 0, 0, 0, 0, 0, 0, 0], [0, 4, 47, 83505, 28, 1, 0, 0, 0, 0, 0, 0, 0, 0], [0, 0, 2, 17, 84251, 20, 0, 0, 0, 0, 0, 0, 0, 0], [0, 0, 0, 0, 78, 83771, 35, 0, 0, 0, 0, 0, 0, 0], [0, 0, 0, 0, 0, 41, 82712, 16, 0, 0, 0, 0, 0, 0], [0, 0, 0, 0, 0, 0, 7, 82838, 4, 0, 0, 0, 0, 0], [0, 0, 0, 0, 0, 0, 0, 8, 80539, 14, 0, 0, 0, 0], [0, 0, 0, 0, 0, 0, 0, 0, 16, 79620, 13, 0, 0, 0], [0, 0, 0, 0, 0, 0, 0, 0, 0, 11, 78896, 11, 0, 0], [0, 0, 0, 0, 0, 0, 0, 0, 0, 0, 12, 79405, 17, 0], [0, 0, 0, 0, 0, 0, 0, 0, 0, 0, 0, 16, 77512, 11], [0, 0, 0, 0, 0, 0, 0, 0, 0, 0, 0, 0, 8, 78480]]}, "combined": {"accuracy": 0.9715026141085144, "mcc": 0.960947771155759, "f1": 0.9714977955041819, "confusion_matrix": [[44230, 51, 0, 0, 0, 0, 0, 0, 0, 0, 0, 0, 0, 0, 2216], [41, 49822, 12, 3, 0, 0, 0, 0, 0, 0, 0, 0, 0, 0, 2050], [0, 17, 79210, 36, 1, 0, 0, 0, 0, 0, 0, 0, 0, 0, 2801], [0, 4, 47, 80472, 24, 1, 0, 0, 0, 0, 0, 0, 0, 0, 3037], [0, 0, 2, 16, 80838, 19, 0, 0, 0, 0, 0, 0, 0, 0, 3415], [0, 0, 0, 0, 78, 81097, 35, 0, 0, 0, 0, 0, 0, 0, 2674], [0, 0, 0, 0, 0, 40, 79973, 16, 0, 0, 0, 0, 0, 0, 2740], [0, 0, 0, 0, 0, 0, 7, 80172, 4, 0, 0, 0, 0, 0, 2666], [0, 0, 0, 0, 0, 0, 0, 7, 77234, 14, 0, 0, 0, 0, 3306], [0, 0, 0, 0, 0, 0, 0, 0, 15, 76850, 11, 0, 0, 0, 2773], [0, 0, 0, 0, 0, 0, 0, 0, 0, 11, 76428, 11, 0, 0, 2468], [0, 0, 0, 0, 0, 0, 0, 0, 0, 0, 10, 77532, 15, 0, 1877], [0, 0, 0, 0, 0, 0, 0, 0, 0, 0, 0, 15, 75603, 10, 1911], [0, 0, 0, 0, 0, 0, 0, 0, 0, 0, 0, 0, 8, 76303, 2177], [20378, 27995, 23105, 30108, 35735, 30659, 30216, 37634, 36203, 38378, 28913, 23802, 23389, 27086, 17741355]]}}