{"binary": {"accuracy": 0.9016005006503733, "mcc": 0.8080317463685256, "f1": 0.8959184993895537, "confusion_matrix": [[8735954, 400235], [82660, 457632]]}, "multiclass": {"accuracy": 0.9986968819004217, "mcc": 0.9985928322194044, "f1": 0.9986969058233724, "confusion_matrix": [[23338, 33, 3, 0, 0, 0, 0, 0, 0, 0, 0, 0, 0, 0], [54, 26183, 33, 1, 3, 0, 0, 0, 0, 0, 0, 0, 0, 0], [4, 42, 41369, 33, 1, 0, 0, 0, 0, 0, 0, 0, 0, 0], [0, 41, 45, 42275, 32, 0, 0, 0, 0, 0, 0, 0, 0, 0], [0, 0, 2, 12, 42131, 38, 1, 0, 0, 0, 0, 0, 0, 0], [0, 1, 0, 0, 36, 41967, 37, 0, 0, 0, 0, 0, 0, 0], [0, 0, 0, 0, 3, 24, 42195, 13, 0, 0, 0, 0, 0, 0], [0, 0, 0, 0, 0, 0, 49, 41612, 11, 0, 0, 0, 0, 0], [0, 0, 0, 0, 0, 0, 0, 9, 40890, 8, 0, 0, 0, 0], [0, 0, 0, 0, 0, 0, 0, 0, 11, 40498, 2, 0, 0, 0], [0, 0, 0, 0, 0, 0, 0, 0, 0, 12, 39288, 5, 0, 0], [0, 0, 0, 0, 0, 0, 0, 0, 0, 0, 16, 39497, 8, 0], [0, 0, 0, 0, 0, 0, 0, 0, 0, 0, 0, 11, 38912, 13], [0, 0, 0, 0, 0, 0, 0, 0, 0, 0, 0, 0, 5, 39485]]}, "combined": {"accuracy": 0.9010600521521539, "mcc": 0.8625232452497716, "f1": 0.9006424794867866, "confusion_matrix": [[18282, 31, 2, 0, 0, 0, 0, 0, 0, 0, 0, 0, 0, 0, 5059], [50, 21003, 29, 0, 3, 0, 0, 0, 0, 0, 0, 0, 0, 0, 5189], [4, 39, 34656, 28, 1, 0, 0, 0, 0, 0, 0, 0, 0, 0, 6721], [0, 37, 40, 36234, 28, 0, 0, 0, 0, 0, 0, 0, 0, 0, 6054], [0, 0, 1, 12, 33835, 32, 1, 0, 0, 0, 0, 0, 0, 0, 8303], [0, 1, 0, 0, 33, 35793, 34, 0, 0, 0, 0, 0, 0, 0, 6180], [0, 0, 0, 0, 3, 23, 35969, 13, 0, 0, 0, 0, 0, 0, 6227], [0, 0, 0, 0, 0, 0, 45, 35888, 8, 0, 0, 0, 0, 0, 5731], [0, 0, 0, 0, 0, 0, 0, 8, 34639, 7, 0, 0, 0, 0, 6253], [0, 0, 0, 0, 0, 0, 0, 0, 10, 34420, 2, 0, 0, 0, 6079], [0, 0, 0, 0, 0, 0, 0, 0, 0, 11, 33404, 4, 0, 0, 5886], [0, 0, 0, 0, 0, 0, 0, 0, 0, 0, 13, 34677, 7, 0, 4824], [0, 0, 0, 0, 0, 0, 0, 0, 0, 0, 0, 8, 33896, 11, 5021], [0, 0, 0, 0, 0, 0, 0, 0, 0, 0, 0, 0, 5, 34352, 5133], [18968, 22234, 23544, 21332, 32955, 33236, 32772, 32576, 36024, 32329, 28967, 28019, 29442, 27837, 8735954]]}}