{"binary": {"accuracy": 0.9324832111336298, "mcc": 0.8668343498821128, "f1": 0.9301930745407931, "confusion_matrix": [[17628787, 633899], [108351, 971665]]}, "multiclass": {"accuracy": 0.9986838609331358, "mcc": 0.9985786425238523, "f1": 0.9986839105684827, "confusion_matrix": [[46439, 72, 11, 1, 2, 0, 0, 0, 0, 0, 0, 0, 0, 0], [113, 51558, 78, 5, 5, 0, 0, 0, 0, 0, 0, 0, 0, 0], [17, 91, 82211, 46, 3, 3, 3, 0, 0, 0, 1, 0, 0, 0], [0, 49, 83, 84958, 49, 4, 0, 0, 0, 0, 2, 1, 0, 0], [1, 6, 7, 33, 84606, 59, 6, 0, 0, 0, 1, 0, 0, 0], [0, 1, 1, 1, 93, 83684, 63, 0, 0, 0, 0, 0, 0, 0], [0, 0, 2, 0, 17, 43, 84207, 34, 3, 0, 0, 0, 0, 0], [1, 0, 0, 0, 0, 1, 84, 83060, 11, 0, 0, 0, 0, 0], [0, 0, 0, 0, 0, 0, 1, 17, 82457, 12, 0, 0, 0, 0], [0, 0, 0, 0, 0, 0, 0, 0, 14, 80823, 14, 0, 0, 0], [0, 0, 0, 0, 0, 0, 0, 0, 0, 17, 78392, 15, 0, 0], [1, 1, 0, 0, 0, 0, 0, 0, 0, 0, 31, 79245, 13, 0], [2, 0, 0, 0, 0, 0, 0, 0, 0, 1, 2, 19, 77970, 17], [0, 0, 0, 0, 0, 1, 0, 0, 0, 0, 0, 0, 12, 79109]]}, "combined": {"accuracy": 0.9319253490278838, "mcc": 0.9059436465289696, "f1": 0.9317756036645957, "confusion_matrix": [[38860, 70, 10, 1, 2, 0, 0, 0, 0, 0, 0, 0, 0, 0, 7582], [102, 45815, 70, 4, 5, 0, 0, 0, 0, 0, 0, 0, 0, 0, 5763], [16, 83, 74022, 43, 2, 3, 3, 0, 0, 0, 1, 0, 0, 0, 8202], [0, 46, 78, 77498, 45, 4, 0, 0, 0, 0, 2, 1, 0, 0, 7472], [0, 6, 5, 32, 73001, 55, 6, 0, 0, 0, 1, 0, 0, 0, 11613], [0, 0, 1, 1, 90, 74963, 59, 0, 0, 0, 0, 0, 0, 0, 8729], [0, 0, 2, 0, 17, 39, 75751, 32, 3, 0, 0, 0, 0, 0, 8462], [1, 0, 0, 0, 0, 0, 82, 75747, 11, 0, 0, 0, 0, 0, 7316], [0, 0, 0, 0, 0, 0, 1, 17, 73649, 10, 0, 0, 0, 0, 8810], [0, 0, 0, 0, 0, 0, 0, 0, 12, 72776, 13, 0, 0, 0, 8050], [0, 0, 0, 0, 0, 0, 0, 0, 0, 12, 70715, 14, 0, 0, 7683], [1, 1, 0, 0, 0, 0, 0, 0, 0, 0, 30, 73184, 12, 0, 6063], [2, 0, 0, 0, 0, 0, 0, 0, 0, 0, 0, 18, 71315, 16, 6660], [0, 0, 0, 0, 0, 1, 0, 0, 0, 0, 0, 0, 11, 73164, 5946], [31223, 37585, 43800, 40149, 56014, 51392, 52252, 47031, 54209, 50293, 42030, 40124, 42639, 45158, 17628787]]}}